{
  "contacts": [
    {
      "fullname": "حمیدرضا خاوری",
      "photo": "https://toplearn.com/img/user/teachers/27116_c3c8c6ce-b260-0aa2-e13f-39efd0785ae8_%D8%A7%DB%8C%D9%85%D8%A7%D9%86_%D8%B4%D8%A7%DA%A9%D8%B1%DB%8C.png ",
      "mobile": "09353771143",
      "email": "hr.khavarie@gmail.com",
      "job": "برنامه نویس",
      "group": "1",
      "id": 2
    },
    {
      "fullname": "ایمان مدائنی",
      "photo": "https://toplearn.com/img/user/teachers/15633_2402cc6d-1d17-6a22-e6cc-39e3248f13a4_%D8%A7%DB%8C%D9%85%D8%A7%D9%86_%D9%85%D8%AF%D8%A7%D8%A6%D9%86%DB%8C.jpg ",
      "mobile": "09125554848",
      "email": "ئشیشهدهbanui@gmail.com",
      "job": "برنامه نویس",
      "group": "3",
      "id": 5
    },
    {
      "fullname": "سجاد باقرزاده",
      "photo": "https://toplearn.com/img/user/teachers/user-profile-%DB%8C%DA%A9-%D8%B4%D9%86%D8%A8%D9%87-%DB%B2%DB%B7-%D9%85%D8%B1%D8%AF%D8%A7%D8%AF-%DB%B1%DB%B3%DB%B9%DB%B8-90912499-707.jpg",
      "mobile": "09565665656",
      "email": "sajad@fdfdkl.com",
      "job": "طراح وب",
      "group": "2",
      "id": 6
    }
  ],
  "groups": [
    {
      "id": "1",
      "name": "همکار"
    },
    {
      "id": "2",
      "name": "دوست"
    },
    {
      "id": "3",
      "name": "فامیل"
    },
    {
      "id": "4",
      "name": "سرویس"
    },
    {
      "id": "5",
      "name": "آشنا"
    }
  ]
}